[{
	"model": "grants.clrmatch",
	"pk": 1,
	"fields": {
		"created_on": "2022-02-04T19:18:11.371Z",
		"modified_on": "2022-02-04T19:18:11.371Z",
		"round_number": 12,
		"amount": 964898331560.759,
		"grant": 1,
		"has_passed_kyc": false,
		"ready_for_test_payout": true,
		"test_payout_tx": "",
		"test_payout_tx_date": null,
		"test_payout_contribution": 1,
		"ready_for_payout": true,
		"payout_tx": "",
		"payout_tx_date": null,
		"payout_contribution": 2,
		"claim_tx": "0x716f186d9ffb8449a83744cd2064e5796e2feaf86de1bba61c2853b478d0f40e",
		"grant_payout": 1,
		"comments": ""
	}
}, {
	"model": "grants.clrmatch",
	"pk": 2,
	"fields": {
		"created_on": "2022-02-04T19:19:04.313Z",
		"modified_on": "2022-02-04T19:19:04.313Z",
		"round_number": 12,
		"amount": 10856.8516056563,
		"grant": 4,
		"has_passed_kyc": false,
		"ready_for_test_payout": true,
		"test_payout_tx": "",
		"test_payout_tx_date": null,
		"test_payout_contribution": 3,
		"ready_for_payout": true,
		"payout_tx": "",
		"payout_tx_date": null,
		"payout_contribution": 4,
		"claim_tx": "0x716f186d9ffb8449a83744cd2064e5796e2feaf86de1bba61c2853b478d0f40e",
		"grant_payout": 1,
		"comments": ""
	}
}, {
	"model": "grants.clrmatch",
	"pk": 3,
	"fields": {
		"created_on": "2022-02-04T19:19:06.047Z",
		"modified_on": "2022-02-04T19:19:06.047Z",
		"round_number": 12,
		"amount": 14878200336867.5,
		"grant": 7,
		"has_passed_kyc": false,
		"ready_for_test_payout": false,
		"test_payout_tx": "",
		"test_payout_tx_date": null,
		"test_payout_contribution": 5,
		"ready_for_payout": false,
		"payout_tx": "",
		"payout_tx_date": null,
		"payout_contribution": 6,
		"claim_tx": null,
		"grant_payout": 1,
		"comments": ""
	}
}, {
	"model": "grants.clrmatch",
	"pk": 4,
	"fields": {
		"created_on": "2022-02-04T19:19:06.966Z",
		"modified_on": "2022-02-04T19:19:06.966Z",
		"round_number": 12,
		"amount": 60999336862492.3,
		"grant": 10,
		"has_passed_kyc": false,
		"ready_for_test_payout": false,
		"test_payout_tx": "",
		"test_payout_tx_date": null,
		"test_payout_contribution": 7,
		"ready_for_payout": false,
		"payout_tx": "",
		"payout_tx_date": null,
		"payout_contribution": 8,
		"claim_tx": null,
		"grant_payout": 1,
		"comments": ""
	}
}, {
	"model": "grants.clrmatch",
	"pk": 5,
	"fields": {
		"created_on": "2022-02-04T19:19:07.820Z",
		"modified_on": "2022-02-04T19:19:07.821Z",
		"round_number": 12,
		"amount": 47669.1027977993,
		"grant": 13,
		"has_passed_kyc": false,
		"ready_for_test_payout": false,
		"test_payout_tx": "",
		"test_payout_tx_date": null,
		"test_payout_contribution": 9,
		"ready_for_payout": false,
		"payout_tx": "",
		"payout_tx_date": null,
		"payout_contribution": 10,
		"claim_tx": null,
		"grant_payout": 1,
		"comments": ""
	}
}, {
	"model": "grants.grant",
	"pk": 1,
	"fields": {
		"created_on": "2022-02-04T19:18:11.199Z",
		"modified_on": "2022-02-04T19:18:11.203Z",
		"vector_column": "'0':3 'descript':8 'grant':2,7 'test':1",
		"active": true,
		"grant_type": 2,
		"title": "Test grant 0",
		"slug": "test-grant-0",
		"description": "This is a grant description",
		"description_rich": "",
		"reference_url": "",
		"github_project_url": "https://github.com/gitcoinco",
		"is_clr_eligible": true,
		"admin_message": "",
		"visible": true,
		"region": null,
		"link_to_new_grant": null,
		"logo": "",
		"logo_svg": "",
		"admin_address": "0xde21F729137C5Af1b01d73aF1dC21eFfa2B8a0d6",
		"zcash_payout_address": "0x0",
		"celo_payout_address": "0x0",
		"zil_payout_address": "0x0",
		"polkadot_payout_address": "0x0",
		"kusama_payout_address": "0x0",
		"harmony_payout_address": "0x0",
		"binance_payout_address": "0x0",
		"rsk_payout_address": "0x0",
		"algorand_payout_address": "0x0",
		"contract_owner_address": "0x0",
		"amount_received_in_round": "0.0000",
		"monthly_amount_subscribed": "0.0000",
		"amount_received": "0.0000",
		"token_address": "0x0",
		"token_symbol": "",
		"contract_address": "0x0",
		"deploy_tx_id": "0x0",
		"cancel_tx_id": "0x0",
		"contract_version": "0",
		"metadata": {},
		"network": "mainnet",
		"required_gas_price": "0",
		"admin_profile": 21,
		"image_css": "",
		"amount_received_with_phantom_funds": "0.00",
		"activeSubscriptions": "[]",
		"hidden": false,
		"random_shuffle": null,
		"weighted_shuffle": null,
		"contribution_count": 0,
		"contributor_count": 0,
		"positive_round_contributor_count": 0,
		"negative_round_contributor_count": 0,
		"defer_clr_to": null,
		"last_clr_calc_date": null,
		"next_clr_calc_date": null,
		"last_update": null,
		"twitter_handle_1": "",
		"twitter_handle_2": "",
		"twitter_handle_1_follower_count": 0,
		"twitter_handle_2_follower_count": 0,
		"sybil_score": "0.0000",
		"funding_info": "",
		"has_external_funding": "unknown",
		"clr_prediction_curve": "[\"[\\\"0.0\\\", \\\"0.0\\\", \\\"0.0\\\"]\", \"[\\\"0.0\\\", \\\"0.0\\\", \\\"0.0\\\"]\", \"[\\\"0.0\\\", \\\"0.0\\\", \\\"0.0\\\"]\", \"[\\\"0.0\\\", \\\"0.0\\\", \\\"0.0\\\"]\", \"[\\\"0.0\\\", \\\"0.0\\\", \\\"0.0\\\"]\", \"[\\\"0.0\\\", \\\"0.0\\\", \\\"0.0\\\"]\"]",
		"weighted_risk_score": "0.0000",
		"is_clr_active": false,
		"clr_round_num": "",
		"twitter_verified": false,
		"twitter_verified_by": null,
		"twitter_verified_at": null,
		"team_members": [],
		"categories": [],
		"tags": [],
		"in_active_clrs": []
	}
}, {
	"model": "grants.grant",
	"pk": 2,
	"fields": {
		"created_on": "2022-02-04T19:18:11.227Z",
		"modified_on": "2022-02-04T19:18:11.227Z",
		"vector_column": "'1':3 'descript':8 'grant':2,7 'test':1",
		"active": true,
		"grant_type": 3,
		"title": "Test grant 1",
		"slug": "test-grant-1",
		"description": "This is a grant description",
		"description_rich": "",
		"reference_url": "",
		"github_project_url": "https://github.com/gitcoinco",
		"is_clr_eligible": true,
		"admin_message": "",
		"visible": true,
		"region": null,
		"link_to_new_grant": null,
		"logo": "",
		"logo_svg": "",
		"admin_address": "0xde21F729137C5Af1b01d73aF1dC21eFfa2B8a0d6",
		"zcash_payout_address": "0x0",
		"celo_payout_address": "0x0",
		"zil_payout_address": "0x0",
		"polkadot_payout_address": "0x0",
		"kusama_payout_address": "0x0",
		"harmony_payout_address": "0x0",
		"binance_payout_address": "0x0",
		"rsk_payout_address": "0x0",
		"algorand_payout_address": "0x0",
		"contract_owner_address": "0x0",
		"amount_received_in_round": "0.0000",
		"monthly_amount_subscribed": "0.0000",
		"amount_received": "0.0000",
		"token_address": "0x0",
		"token_symbol": "",
		"contract_address": "0x0",
		"deploy_tx_id": "0x0",
		"cancel_tx_id": "0x0",
		"contract_version": "0",
		"metadata": {},
		"network": "mainnet",
		"required_gas_price": "0",
		"admin_profile": 21,
		"image_css": "",
		"amount_received_with_phantom_funds": "0.00",
		"activeSubscriptions": "[]",
		"hidden": false,
		"random_shuffle": null,
		"weighted_shuffle": null,
		"contribution_count": 0,
		"contributor_count": 0,
		"positive_round_contributor_count": 0,
		"negative_round_contributor_count": 0,
		"defer_clr_to": null,
		"last_clr_calc_date": null,
		"next_clr_calc_date": null,
		"last_update": null,
		"twitter_handle_1": "",
		"twitter_handle_2": "",
		"twitter_handle_1_follower_count": 0,
		"twitter_handle_2_follower_count": 0,
		"sybil_score": "0.0000",
		"funding_info": "",
		"has_external_funding": "unknown",
		"clr_prediction_curve": "[\"[\\\"0.0\\\", \\\"0.0\\\", \\\"0.0\\\"]\", \"[\\\"0.0\\\", \\\"0.0\\\", \\\"0.0\\\"]\", \"[\\\"0.0\\\", \\\"0.0\\\", \\\"0.0\\\"]\", \"[\\\"0.0\\\", \\\"0.0\\\", \\\"0.0\\\"]\", \"[\\\"0.0\\\", \\\"0.0\\\", \\\"0.0\\\"]\", \"[\\\"0.0\\\", \\\"0.0\\\", \\\"0.0\\\"]\"]",
		"weighted_risk_score": "0.0000",
		"is_clr_active": false,
		"clr_round_num": "",
		"twitter_verified": false,
		"twitter_verified_by": null,
		"twitter_verified_at": null,
		"team_members": [],
		"categories": [],
		"tags": [],
		"in_active_clrs": []
	}
}, {
	"model": "grants.grant",
	"pk": 3,
	"fields": {
		"created_on": "2022-02-04T19:18:11.350Z",
		"modified_on": "2022-02-04T19:18:11.350Z",
		"vector_column": "'2':3 'descript':8 'grant':2,7 'test':1",
		"active": true,
		"grant_type": 4,
		"title": "Test grant 2",
		"slug": "test-grant-2",
		"description": "This is a grant description",
		"description_rich": "",
		"reference_url": "",
		"github_project_url": "https://github.com/gitcoinco",
		"is_clr_eligible": true,
		"admin_message": "",
		"visible": true,
		"region": null,
		"link_to_new_grant": null,
		"logo": "",
		"logo_svg": "",
		"admin_address": "0xde21F729137C5Af1b01d73aF1dC21eFfa2B8a0d6",
		"zcash_payout_address": "0x0",
		"celo_payout_address": "0x0",
		"zil_payout_address": "0x0",
		"polkadot_payout_address": "0x0",
		"kusama_payout_address": "0x0",
		"harmony_payout_address": "0x0",
		"binance_payout_address": "0x0",
		"rsk_payout_address": "0x0",
		"algorand_payout_address": "0x0",
		"contract_owner_address": "0x0",
		"amount_received_in_round": "0.0000",
		"monthly_amount_subscribed": "0.0000",
		"amount_received": "0.0000",
		"token_address": "0x0",
		"token_symbol": "",
		"contract_address": "0x0",
		"deploy_tx_id": "0x0",
		"cancel_tx_id": "0x0",
		"contract_version": "0",
		"metadata": {},
		"network": "mainnet",
		"required_gas_price": "0",
		"admin_profile": 21,
		"image_css": "",
		"amount_received_with_phantom_funds": "0.00",
		"activeSubscriptions": "[]",
		"hidden": false,
		"random_shuffle": null,
		"weighted_shuffle": null,
		"contribution_count": 0,
		"contributor_count": 0,
		"positive_round_contributor_count": 0,
		"negative_round_contributor_count": 0,
		"defer_clr_to": null,
		"last_clr_calc_date": null,
		"next_clr_calc_date": null,
		"last_update": null,
		"twitter_handle_1": "",
		"twitter_handle_2": "",
		"twitter_handle_1_follower_count": 0,
		"twitter_handle_2_follower_count": 0,
		"sybil_score": "0.0000",
		"funding_info": "",
		"has_external_funding": "unknown",
		"clr_prediction_curve": "[\"[\\\"0.0\\\", \\\"0.0\\\", \\\"0.0\\\"]\", \"[\\\"0.0\\\", \\\"0.0\\\", \\\"0.0\\\"]\", \"[\\\"0.0\\\", \\\"0.0\\\", \\\"0.0\\\"]\", \"[\\\"0.0\\\", \\\"0.0\\\", \\\"0.0\\\"]\", \"[\\\"0.0\\\", \\\"0.0\\\", \\\"0.0\\\"]\", \"[\\\"0.0\\\", \\\"0.0\\\", \\\"0.0\\\"]\"]",
		"weighted_risk_score": "0.0000",
		"is_clr_active": false,
		"clr_round_num": "",
		"twitter_verified": false,
		"twitter_verified_by": null,
		"twitter_verified_at": null,
		"team_members": [],
		"categories": [],
		"tags": [],
		"in_active_clrs": []
	}
}, {
	"model": "grants.grant",
	"pk": 4,
	"fields": {
		"created_on": "2022-02-04T19:19:04.172Z",
		"modified_on": "2022-02-04T19:19:04.175Z",
		"vector_column": "'4':3 'descript':8 'grant':2,7 'test':1",
		"active": true,
		"grant_type": 6,
		"title": "Test grant 4",
		"slug": "test-grant-4",
		"description": "This is a grant description",
		"description_rich": "",
		"reference_url": "",
		"github_project_url": "https://github.com/gitcoinco",
		"is_clr_eligible": true,
		"admin_message": "",
		"visible": true,
		"region": null,
		"link_to_new_grant": null,
		"logo": "",
		"logo_svg": "",
		"admin_address": "0xde21F729137C5Af1b01d73aF1dC21eFfa2B8a0d6",
		"zcash_payout_address": "0x0",
		"celo_payout_address": "0x0",
		"zil_payout_address": "0x0",
		"polkadot_payout_address": "0x0",
		"kusama_payout_address": "0x0",
		"harmony_payout_address": "0x0",
		"binance_payout_address": "0x0",
		"rsk_payout_address": "0x0",
		"algorand_payout_address": "0x0",
		"contract_owner_address": "0x0",
		"amount_received_in_round": "0.0000",
		"monthly_amount_subscribed": "0.0000",
		"amount_received": "0.0000",
		"token_address": "0x0",
		"token_symbol": "",
		"contract_address": "0x0",
		"deploy_tx_id": "0x0",
		"cancel_tx_id": "0x0",
		"contract_version": "0",
		"metadata": {},
		"network": "mainnet",
		"required_gas_price": "0",
		"admin_profile": 21,
		"image_css": "",
		"amount_received_with_phantom_funds": "0.00",
		"activeSubscriptions": "[]",
		"hidden": false,
		"random_shuffle": null,
		"weighted_shuffle": null,
		"contribution_count": 0,
		"contributor_count": 0,
		"positive_round_contributor_count": 0,
		"negative_round_contributor_count": 0,
		"defer_clr_to": null,
		"last_clr_calc_date": null,
		"next_clr_calc_date": null,
		"last_update": null,
		"twitter_handle_1": "",
		"twitter_handle_2": "",
		"twitter_handle_1_follower_count": 0,
		"twitter_handle_2_follower_count": 0,
		"sybil_score": "0.0000",
		"funding_info": "",
		"has_external_funding": "unknown",
		"clr_prediction_curve": "[\"[\\\"0.0\\\", \\\"0.0\\\", \\\"0.0\\\"]\", \"[\\\"0.0\\\", \\\"0.0\\\", \\\"0.0\\\"]\", \"[\\\"0.0\\\", \\\"0.0\\\", \\\"0.0\\\"]\", \"[\\\"0.0\\\", \\\"0.0\\\", \\\"0.0\\\"]\", \"[\\\"0.0\\\", \\\"0.0\\\", \\\"0.0\\\"]\", \"[\\\"0.0\\\", \\\"0.0\\\", \\\"0.0\\\"]\"]",
		"weighted_risk_score": "0.0000",
		"is_clr_active": false,
		"clr_round_num": "",
		"twitter_verified": false,
		"twitter_verified_by": null,
		"twitter_verified_at": null,
		"team_members": [],
		"categories": [],
		"tags": [],
		"in_active_clrs": []
	}
}, {
	"model": "grants.grant",
	"pk": 5,
	"fields": {
		"created_on": "2022-02-04T19:19:04.190Z",
		"modified_on": "2022-02-04T19:19:04.191Z",
		"vector_column": "'5':3 'descript':8 'grant':2,7 'test':1",
		"active": true,
		"grant_type": 7,
		"title": "Test grant 5",
		"slug": "test-grant-5",
		"description": "This is a grant description",
		"description_rich": "",
		"reference_url": "",
		"github_project_url": "https://github.com/gitcoinco",
		"is_clr_eligible": true,
		"admin_message": "",
		"visible": true,
		"region": null,
		"link_to_new_grant": null,
		"logo": "",
		"logo_svg": "",
		"admin_address": "0xde21F729137C5Af1b01d73aF1dC21eFfa2B8a0d6",
		"zcash_payout_address": "0x0",
		"celo_payout_address": "0x0",
		"zil_payout_address": "0x0",
		"polkadot_payout_address": "0x0",
		"kusama_payout_address": "0x0",
		"harmony_payout_address": "0x0",
		"binance_payout_address": "0x0",
		"rsk_payout_address": "0x0",
		"algorand_payout_address": "0x0",
		"contract_owner_address": "0x0",
		"amount_received_in_round": "0.0000",
		"monthly_amount_subscribed": "0.0000",
		"amount_received": "0.0000",
		"token_address": "0x0",
		"token_symbol": "",
		"contract_address": "0x0",
		"deploy_tx_id": "0x0",
		"cancel_tx_id": "0x0",
		"contract_version": "0",
		"metadata": {},
		"network": "mainnet",
		"required_gas_price": "0",
		"admin_profile": 21,
		"image_css": "",
		"amount_received_with_phantom_funds": "0.00",
		"activeSubscriptions": "[]",
		"hidden": false,
		"random_shuffle": null,
		"weighted_shuffle": null,
		"contribution_count": 0,
		"contributor_count": 0,
		"positive_round_contributor_count": 0,
		"negative_round_contributor_count": 0,
		"defer_clr_to": null,
		"last_clr_calc_date": null,
		"next_clr_calc_date": null,
		"last_update": null,
		"twitter_handle_1": "",
		"twitter_handle_2": "",
		"twitter_handle_1_follower_count": 0,
		"twitter_handle_2_follower_count": 0,
		"sybil_score": "0.0000",
		"funding_info": "",
		"has_external_funding": "unknown",
		"clr_prediction_curve": "[\"[\\\"0.0\\\", \\\"0.0\\\", \\\"0.0\\\"]\", \"[\\\"0.0\\\", \\\"0.0\\\", \\\"0.0\\\"]\", \"[\\\"0.0\\\", \\\"0.0\\\", \\\"0.0\\\"]\", \"[\\\"0.0\\\", \\\"0.0\\\", \\\"0.0\\\"]\", \"[\\\"0.0\\\", \\\"0.0\\\", \\\"0.0\\\"]\", \"[\\\"0.0\\\", \\\"0.0\\\", \\\"0.0\\\"]\"]",
		"weighted_risk_score": "0.0000",
		"is_clr_active": false,
		"clr_round_num": "",
		"twitter_verified": false,
		"twitter_verified_by": null,
		"twitter_verified_at": null,
		"team_members": [],
		"categories": [],
		"tags": [],
		"in_active_clrs": []
	}
}, {
	"model": "grants.grant",
	"pk": 6,
	"fields": {
		"created_on": "2022-02-04T19:19:04.279Z",
		"modified_on": "2022-02-04T19:19:04.279Z",
		"vector_column": "'6':3 'descript':8 'grant':2,7 'test':1",
		"active": true,
		"grant_type": 8,
		"title": "Test grant 6",
		"slug": "test-grant-6",
		"description": "This is a grant description",
		"description_rich": "",
		"reference_url": "",
		"github_project_url": "https://github.com/gitcoinco",
		"is_clr_eligible": true,
		"admin_message": "",
		"visible": true,
		"region": null,
		"link_to_new_grant": null,
		"logo": "",
		"logo_svg": "",
		"admin_address": "0xde21F729137C5Af1b01d73aF1dC21eFfa2B8a0d6",
		"zcash_payout_address": "0x0",
		"celo_payout_address": "0x0",
		"zil_payout_address": "0x0",
		"polkadot_payout_address": "0x0",
		"kusama_payout_address": "0x0",
		"harmony_payout_address": "0x0",
		"binance_payout_address": "0x0",
		"rsk_payout_address": "0x0",
		"algorand_payout_address": "0x0",
		"contract_owner_address": "0x0",
		"amount_received_in_round": "0.0000",
		"monthly_amount_subscribed": "0.0000",
		"amount_received": "0.0000",
		"token_address": "0x0",
		"token_symbol": "",
		"contract_address": "0x0",
		"deploy_tx_id": "0x0",
		"cancel_tx_id": "0x0",
		"contract_version": "0",
		"metadata": {},
		"network": "mainnet",
		"required_gas_price": "0",
		"admin_profile": 21,
		"image_css": "",
		"amount_received_with_phantom_funds": "0.00",
		"activeSubscriptions": "[]",
		"hidden": false,
		"random_shuffle": null,
		"weighted_shuffle": null,
		"contribution_count": 0,
		"contributor_count": 0,
		"positive_round_contributor_count": 0,
		"negative_round_contributor_count": 0,
		"defer_clr_to": null,
		"last_clr_calc_date": null,
		"next_clr_calc_date": null,
		"last_update": null,
		"twitter_handle_1": "",
		"twitter_handle_2": "",
		"twitter_handle_1_follower_count": 0,
		"twitter_handle_2_follower_count": 0,
		"sybil_score": "0.0000",
		"funding_info": "",
		"has_external_funding": "unknown",
		"clr_prediction_curve": "[\"[\\\"0.0\\\", \\\"0.0\\\", \\\"0.0\\\"]\", \"[\\\"0.0\\\", \\\"0.0\\\", \\\"0.0\\\"]\", \"[\\\"0.0\\\", \\\"0.0\\\", \\\"0.0\\\"]\", \"[\\\"0.0\\\", \\\"0.0\\\", \\\"0.0\\\"]\", \"[\\\"0.0\\\", \\\"0.0\\\", \\\"0.0\\\"]\", \"[\\\"0.0\\\", \\\"0.0\\\", \\\"0.0\\\"]\"]",
		"weighted_risk_score": "0.0000",
		"is_clr_active": false,
		"clr_round_num": "",
		"twitter_verified": false,
		"twitter_verified_by": null,
		"twitter_verified_at": null,
		"team_members": [],
		"categories": [],
		"tags": [],
		"in_active_clrs": []
	}
}, {
	"model": "grants.grant",
	"pk": 7,
	"fields": {
		"created_on": "2022-02-04T19:19:05.975Z",
		"modified_on": "2022-02-04T19:19:05.976Z",
		"vector_column": "'7':3 'descript':8 'grant':2,7 'test':1",
		"active": true,
		"grant_type": 9,
		"title": "Test grant 7",
		"slug": "test-grant-7",
		"description": "This is a grant description",
		"description_rich": "",
		"reference_url": "",
		"github_project_url": "https://github.com/gitcoinco",
		"is_clr_eligible": true,
		"admin_message": "",
		"visible": true,
		"region": null,
		"link_to_new_grant": null,
		"logo": "",
		"logo_svg": "",
		"admin_address": "0xde21F729137C5Af1b01d73aF1dC21eFfa2B8a0d6",
		"zcash_payout_address": "0x0",
		"celo_payout_address": "0x0",
		"zil_payout_address": "0x0",
		"polkadot_payout_address": "0x0",
		"kusama_payout_address": "0x0",
		"harmony_payout_address": "0x0",
		"binance_payout_address": "0x0",
		"rsk_payout_address": "0x0",
		"algorand_payout_address": "0x0",
		"contract_owner_address": "0x0",
		"amount_received_in_round": "0.0000",
		"monthly_amount_subscribed": "0.0000",
		"amount_received": "0.0000",
		"token_address": "0x0",
		"token_symbol": "",
		"contract_address": "0x0",
		"deploy_tx_id": "0x0",
		"cancel_tx_id": "0x0",
		"contract_version": "0",
		"metadata": {},
		"network": "mainnet",
		"required_gas_price": "0",
		"admin_profile": 21,
		"image_css": "",
		"amount_received_with_phantom_funds": "0.00",
		"activeSubscriptions": "[]",
		"hidden": false,
		"random_shuffle": null,
		"weighted_shuffle": null,
		"contribution_count": 0,
		"contributor_count": 0,
		"positive_round_contributor_count": 0,
		"negative_round_contributor_count": 0,
		"defer_clr_to": null,
		"last_clr_calc_date": null,
		"next_clr_calc_date": null,
		"last_update": null,
		"twitter_handle_1": "",
		"twitter_handle_2": "",
		"twitter_handle_1_follower_count": 0,
		"twitter_handle_2_follower_count": 0,
		"sybil_score": "0.0000",
		"funding_info": "",
		"has_external_funding": "unknown",
		"clr_prediction_curve": "[\"[\\\"0.0\\\", \\\"0.0\\\", \\\"0.0\\\"]\", \"[\\\"0.0\\\", \\\"0.0\\\", \\\"0.0\\\"]\", \"[\\\"0.0\\\", \\\"0.0\\\", \\\"0.0\\\"]\", \"[\\\"0.0\\\", \\\"0.0\\\", \\\"0.0\\\"]\", \"[\\\"0.0\\\", \\\"0.0\\\", \\\"0.0\\\"]\", \"[\\\"0.0\\\", \\\"0.0\\\", \\\"0.0\\\"]\"]",
		"weighted_risk_score": "0.0000",
		"is_clr_active": false,
		"clr_round_num": "",
		"twitter_verified": false,
		"twitter_verified_by": null,
		"twitter_verified_at": null,
		"team_members": [],
		"categories": [],
		"tags": [],
		"in_active_clrs": []
	}
}, {
	"model": "grants.grant",
	"pk": 8,
	"fields": {
		"created_on": "2022-02-04T19:19:05.980Z",
		"modified_on": "2022-02-04T19:19:05.981Z",
		"vector_column": "'8':3 'descript':8 'grant':2,7 'test':1",
		"active": true,
		"grant_type": 10,
		"title": "Test grant 8",
		"slug": "test-grant-8",
		"description": "This is a grant description",
		"description_rich": "",
		"reference_url": "",
		"github_project_url": "https://github.com/gitcoinco",
		"is_clr_eligible": true,
		"admin_message": "",
		"visible": true,
		"region": null,
		"link_to_new_grant": null,
		"logo": "",
		"logo_svg": "",
		"admin_address": "0xde21F729137C5Af1b01d73aF1dC21eFfa2B8a0d6",
		"zcash_payout_address": "0x0",
		"celo_payout_address": "0x0",
		"zil_payout_address": "0x0",
		"polkadot_payout_address": "0x0",
		"kusama_payout_address": "0x0",
		"harmony_payout_address": "0x0",
		"binance_payout_address": "0x0",
		"rsk_payout_address": "0x0",
		"algorand_payout_address": "0x0",
		"contract_owner_address": "0x0",
		"amount_received_in_round": "0.0000",
		"monthly_amount_subscribed": "0.0000",
		"amount_received": "0.0000",
		"token_address": "0x0",
		"token_symbol": "",
		"contract_address": "0x0",
		"deploy_tx_id": "0x0",
		"cancel_tx_id": "0x0",
		"contract_version": "0",
		"metadata": {},
		"network": "mainnet",
		"required_gas_price": "0",
		"admin_profile": 21,
		"image_css": "",
		"amount_received_with_phantom_funds": "0.00",
		"activeSubscriptions": "[]",
		"hidden": false,
		"random_shuffle": null,
		"weighted_shuffle": null,
		"contribution_count": 0,
		"contributor_count": 0,
		"positive_round_contributor_count": 0,
		"negative_round_contributor_count": 0,
		"defer_clr_to": null,
		"last_clr_calc_date": null,
		"next_clr_calc_date": null,
		"last_update": null,
		"twitter_handle_1": "",
		"twitter_handle_2": "",
		"twitter_handle_1_follower_count": 0,
		"twitter_handle_2_follower_count": 0,
		"sybil_score": "0.0000",
		"funding_info": "",
		"has_external_funding": "unknown",
		"clr_prediction_curve": "[\"[\\\"0.0\\\", \\\"0.0\\\", \\\"0.0\\\"]\", \"[\\\"0.0\\\", \\\"0.0\\\", \\\"0.0\\\"]\", \"[\\\"0.0\\\", \\\"0.0\\\", \\\"0.0\\\"]\", \"[\\\"0.0\\\", \\\"0.0\\\", \\\"0.0\\\"]\", \"[\\\"0.0\\\", \\\"0.0\\\", \\\"0.0\\\"]\", \"[\\\"0.0\\\", \\\"0.0\\\", \\\"0.0\\\"]\"]",
		"weighted_risk_score": "0.0000",
		"is_clr_active": false,
		"clr_round_num": "",
		"twitter_verified": false,
		"twitter_verified_by": null,
		"twitter_verified_at": null,
		"team_members": [],
		"categories": [],
		"tags": [],
		"in_active_clrs": []
	}
}, {
	"model": "grants.grant",
	"pk": 9,
	"fields": {
		"created_on": "2022-02-04T19:19:06.019Z",
		"modified_on": "2022-02-04T19:19:06.020Z",
		"vector_column": "'9':3 'descript':8 'grant':2,7 'test':1",
		"active": true,
		"grant_type": 11,
		"title": "Test grant 9",
		"slug": "test-grant-9",
		"description": "This is a grant description",
		"description_rich": "",
		"reference_url": "",
		"github_project_url": "https://github.com/gitcoinco",
		"is_clr_eligible": true,
		"admin_message": "",
		"visible": true,
		"region": null,
		"link_to_new_grant": null,
		"logo": "",
		"logo_svg": "",
		"admin_address": "0xde21F729137C5Af1b01d73aF1dC21eFfa2B8a0d6",
		"zcash_payout_address": "0x0",
		"celo_payout_address": "0x0",
		"zil_payout_address": "0x0",
		"polkadot_payout_address": "0x0",
		"kusama_payout_address": "0x0",
		"harmony_payout_address": "0x0",
		"binance_payout_address": "0x0",
		"rsk_payout_address": "0x0",
		"algorand_payout_address": "0x0",
		"contract_owner_address": "0x0",
		"amount_received_in_round": "0.0000",
		"monthly_amount_subscribed": "0.0000",
		"amount_received": "0.0000",
		"token_address": "0x0",
		"token_symbol": "",
		"contract_address": "0x0",
		"deploy_tx_id": "0x0",
		"cancel_tx_id": "0x0",
		"contract_version": "0",
		"metadata": {},
		"network": "mainnet",
		"required_gas_price": "0",
		"admin_profile": 21,
		"image_css": "",
		"amount_received_with_phantom_funds": "0.00",
		"activeSubscriptions": "[]",
		"hidden": false,
		"random_shuffle": null,
		"weighted_shuffle": null,
		"contribution_count": 0,
		"contributor_count": 0,
		"positive_round_contributor_count": 0,
		"negative_round_contributor_count": 0,
		"defer_clr_to": null,
		"last_clr_calc_date": null,
		"next_clr_calc_date": null,
		"last_update": null,
		"twitter_handle_1": "",
		"twitter_handle_2": "",
		"twitter_handle_1_follower_count": 0,
		"twitter_handle_2_follower_count": 0,
		"sybil_score": "0.0000",
		"funding_info": "",
		"has_external_funding": "unknown",
		"clr_prediction_curve": "[\"[\\\"0.0\\\", \\\"0.0\\\", \\\"0.0\\\"]\", \"[\\\"0.0\\\", \\\"0.0\\\", \\\"0.0\\\"]\", \"[\\\"0.0\\\", \\\"0.0\\\", \\\"0.0\\\"]\", \"[\\\"0.0\\\", \\\"0.0\\\", \\\"0.0\\\"]\", \"[\\\"0.0\\\", \\\"0.0\\\", \\\"0.0\\\"]\", \"[\\\"0.0\\\", \\\"0.0\\\", \\\"0.0\\\"]\"]",
		"weighted_risk_score": "0.0000",
		"is_clr_active": false,
		"clr_round_num": "",
		"twitter_verified": false,
		"twitter_verified_by": null,
		"twitter_verified_at": null,
		"team_members": [],
		"categories": [],
		"tags": [],
		"in_active_clrs": []
	}
}, {
	"model": "grants.grant",
	"pk": 10,
	"fields": {
		"created_on": "2022-02-04T19:19:06.906Z",
		"modified_on": "2022-02-04T19:19:06.907Z",
		"vector_column": "'10':3 'descript':8 'grant':2,7 'test':1",
		"active": true,
		"grant_type": 12,
		"title": "Test grant 10",
		"slug": "test-grant-10",
		"description": "This is a grant description",
		"description_rich": "",
		"reference_url": "",
		"github_project_url": "https://github.com/gitcoinco",
		"is_clr_eligible": true,
		"admin_message": "",
		"visible": true,
		"region": null,
		"link_to_new_grant": null,
		"logo": "",
		"logo_svg": "",
		"admin_address": "0xde21F729137C5Af1b01d73aF1dC21eFfa2B8a0d6",
		"zcash_payout_address": "0x0",
		"celo_payout_address": "0x0",
		"zil_payout_address": "0x0",
		"polkadot_payout_address": "0x0",
		"kusama_payout_address": "0x0",
		"harmony_payout_address": "0x0",
		"binance_payout_address": "0x0",
		"rsk_payout_address": "0x0",
		"algorand_payout_address": "0x0",
		"contract_owner_address": "0x0",
		"amount_received_in_round": "0.0000",
		"monthly_amount_subscribed": "0.0000",
		"amount_received": "0.0000",
		"token_address": "0x0",
		"token_symbol": "",
		"contract_address": "0x0",
		"deploy_tx_id": "0x0",
		"cancel_tx_id": "0x0",
		"contract_version": "0",
		"metadata": {},
		"network": "mainnet",
		"required_gas_price": "0",
		"admin_profile": 21,
		"image_css": "",
		"amount_received_with_phantom_funds": "0.00",
		"activeSubscriptions": "[]",
		"hidden": false,
		"random_shuffle": null,
		"weighted_shuffle": null,
		"contribution_count": 0,
		"contributor_count": 0,
		"positive_round_contributor_count": 0,
		"negative_round_contributor_count": 0,
		"defer_clr_to": null,
		"last_clr_calc_date": null,
		"next_clr_calc_date": null,
		"last_update": null,
		"twitter_handle_1": "",
		"twitter_handle_2": "",
		"twitter_handle_1_follower_count": 0,
		"twitter_handle_2_follower_count": 0,
		"sybil_score": "0.0000",
		"funding_info": "",
		"has_external_funding": "unknown",
		"clr_prediction_curve": "[\"[\\\"0.0\\\", \\\"0.0\\\", \\\"0.0\\\"]\", \"[\\\"0.0\\\", \\\"0.0\\\", \\\"0.0\\\"]\", \"[\\\"0.0\\\", \\\"0.0\\\", \\\"0.0\\\"]\", \"[\\\"0.0\\\", \\\"0.0\\\", \\\"0.0\\\"]\", \"[\\\"0.0\\\", \\\"0.0\\\", \\\"0.0\\\"]\", \"[\\\"0.0\\\", \\\"0.0\\\", \\\"0.0\\\"]\"]",
		"weighted_risk_score": "0.0000",
		"is_clr_active": false,
		"clr_round_num": "",
		"twitter_verified": false,
		"twitter_verified_by": null,
		"twitter_verified_at": null,
		"team_members": [],
		"categories": [],
		"tags": [],
		"in_active_clrs": []
	}
}, {
	"model": "grants.grant",
	"pk": 11,
	"fields": {
		"created_on": "2022-02-04T19:19:06.913Z",
		"modified_on": "2022-02-04T19:19:06.913Z",
		"vector_column": "'11':3 'descript':8 'grant':2,7 'test':1",
		"active": true,
		"grant_type": 13,
		"title": "Test grant 11",
		"slug": "test-grant-11",
		"description": "This is a grant description",
		"description_rich": "",
		"reference_url": "",
		"github_project_url": "https://github.com/gitcoinco",
		"is_clr_eligible": true,
		"admin_message": "",
		"visible": true,
		"region": null,
		"link_to_new_grant": null,
		"logo": "",
		"logo_svg": "",
		"admin_address": "0xde21F729137C5Af1b01d73aF1dC21eFfa2B8a0d6",
		"zcash_payout_address": "0x0",
		"celo_payout_address": "0x0",
		"zil_payout_address": "0x0",
		"polkadot_payout_address": "0x0",
		"kusama_payout_address": "0x0",
		"harmony_payout_address": "0x0",
		"binance_payout_address": "0x0",
		"rsk_payout_address": "0x0",
		"algorand_payout_address": "0x0",
		"contract_owner_address": "0x0",
		"amount_received_in_round": "0.0000",
		"monthly_amount_subscribed": "0.0000",
		"amount_received": "0.0000",
		"token_address": "0x0",
		"token_symbol": "",
		"contract_address": "0x0",
		"deploy_tx_id": "0x0",
		"cancel_tx_id": "0x0",
		"contract_version": "0",
		"metadata": {},
		"network": "mainnet",
		"required_gas_price": "0",
		"admin_profile": 21,
		"image_css": "",
		"amount_received_with_phantom_funds": "0.00",
		"activeSubscriptions": "[]",
		"hidden": false,
		"random_shuffle": null,
		"weighted_shuffle": null,
		"contribution_count": 0,
		"contributor_count": 0,
		"positive_round_contributor_count": 0,
		"negative_round_contributor_count": 0,
		"defer_clr_to": null,
		"last_clr_calc_date": null,
		"next_clr_calc_date": null,
		"last_update": null,
		"twitter_handle_1": "",
		"twitter_handle_2": "",
		"twitter_handle_1_follower_count": 0,
		"twitter_handle_2_follower_count": 0,
		"sybil_score": "0.0000",
		"funding_info": "",
		"has_external_funding": "unknown",
		"clr_prediction_curve": "[\"[\\\"0.0\\\", \\\"0.0\\\", \\\"0.0\\\"]\", \"[\\\"0.0\\\", \\\"0.0\\\", \\\"0.0\\\"]\", \"[\\\"0.0\\\", \\\"0.0\\\", \\\"0.0\\\"]\", \"[\\\"0.0\\\", \\\"0.0\\\", \\\"0.0\\\"]\", \"[\\\"0.0\\\", \\\"0.0\\\", \\\"0.0\\\"]\", \"[\\\"0.0\\\", \\\"0.0\\\", \\\"0.0\\\"]\"]",
		"weighted_risk_score": "0.0000",
		"is_clr_active": false,
		"clr_round_num": "",
		"twitter_verified": false,
		"twitter_verified_by": null,
		"twitter_verified_at": null,
		"team_members": [],
		"categories": [],
		"tags": [],
		"in_active_clrs": []
	}
}, {
	"model": "grants.grant",
	"pk": 12,
	"fields": {
		"created_on": "2022-02-04T19:19:06.941Z",
		"modified_on": "2022-02-04T19:19:06.941Z",
		"vector_column": "'12':3 'descript':8 'grant':2,7 'test':1",
		"active": true,
		"grant_type": 14,
		"title": "Test grant 12",
		"slug": "test-grant-12",
		"description": "This is a grant description",
		"description_rich": "",
		"reference_url": "",
		"github_project_url": "https://github.com/gitcoinco",
		"is_clr_eligible": true,
		"admin_message": "",
		"visible": true,
		"region": null,
		"link_to_new_grant": null,
		"logo": "",
		"logo_svg": "",
		"admin_address": "0xde21F729137C5Af1b01d73aF1dC21eFfa2B8a0d6",
		"zcash_payout_address": "0x0",
		"celo_payout_address": "0x0",
		"zil_payout_address": "0x0",
		"polkadot_payout_address": "0x0",
		"kusama_payout_address": "0x0",
		"harmony_payout_address": "0x0",
		"binance_payout_address": "0x0",
		"rsk_payout_address": "0x0",
		"algorand_payout_address": "0x0",
		"contract_owner_address": "0x0",
		"amount_received_in_round": "0.0000",
		"monthly_amount_subscribed": "0.0000",
		"amount_received": "0.0000",
		"token_address": "0x0",
		"token_symbol": "",
		"contract_address": "0x0",
		"deploy_tx_id": "0x0",
		"cancel_tx_id": "0x0",
		"contract_version": "0",
		"metadata": {},
		"network": "mainnet",
		"required_gas_price": "0",
		"admin_profile": 21,
		"image_css": "",
		"amount_received_with_phantom_funds": "0.00",
		"activeSubscriptions": "[]",
		"hidden": false,
		"random_shuffle": null,
		"weighted_shuffle": null,
		"contribution_count": 0,
		"contributor_count": 0,
		"positive_round_contributor_count": 0,
		"negative_round_contributor_count": 0,
		"defer_clr_to": null,
		"last_clr_calc_date": null,
		"next_clr_calc_date": null,
		"last_update": null,
		"twitter_handle_1": "",
		"twitter_handle_2": "",
		"twitter_handle_1_follower_count": 0,
		"twitter_handle_2_follower_count": 0,
		"sybil_score": "0.0000",
		"funding_info": "",
		"has_external_funding": "unknown",
		"clr_prediction_curve": "[\"[\\\"0.0\\\", \\\"0.0\\\", \\\"0.0\\\"]\", \"[\\\"0.0\\\", \\\"0.0\\\", \\\"0.0\\\"]\", \"[\\\"0.0\\\", \\\"0.0\\\", \\\"0.0\\\"]\", \"[\\\"0.0\\\", \\\"0.0\\\", \\\"0.0\\\"]\", \"[\\\"0.0\\\", \\\"0.0\\\", \\\"0.0\\\"]\", \"[\\\"0.0\\\", \\\"0.0\\\", \\\"0.0\\\"]\"]",
		"weighted_risk_score": "0.0000",
		"is_clr_active": false,
		"clr_round_num": "",
		"twitter_verified": false,
		"twitter_verified_by": null,
		"twitter_verified_at": null,
		"team_members": [],
		"categories": [],
		"tags": [],
		"in_active_clrs": []
	}
}, {
	"model": "grants.grant",
	"pk": 13,
	"fields": {
		"created_on": "2022-02-04T19:19:07.536Z",
		"modified_on": "2022-02-04T19:19:07.537Z",
		"vector_column": "'13':3 'descript':8 'grant':2,7 'test':1",
		"active": true,
		"grant_type": 15,
		"title": "Test grant 13",
		"slug": "test-grant-13",
		"description": "This is a grant description",
		"description_rich": "",
		"reference_url": "",
		"github_project_url": "https://github.com/gitcoinco",
		"is_clr_eligible": true,
		"admin_message": "",
		"visible": true,
		"region": null,
		"link_to_new_grant": null,
		"logo": "",
		"logo_svg": "",
		"admin_address": "0xde21F729137C5Af1b01d73aF1dC21eFfa2B8a0d6",
		"zcash_payout_address": "0x0",
		"celo_payout_address": "0x0",
		"zil_payout_address": "0x0",
		"polkadot_payout_address": "0x0",
		"kusama_payout_address": "0x0",
		"harmony_payout_address": "0x0",
		"binance_payout_address": "0x0",
		"rsk_payout_address": "0x0",
		"algorand_payout_address": "0x0",
		"contract_owner_address": "0x0",
		"amount_received_in_round": "0.0000",
		"monthly_amount_subscribed": "0.0000",
		"amount_received": "0.0000",
		"token_address": "0x0",
		"token_symbol": "",
		"contract_address": "0x0",
		"deploy_tx_id": "0x0",
		"cancel_tx_id": "0x0",
		"contract_version": "0",
		"metadata": {},
		"network": "mainnet",
		"required_gas_price": "0",
		"admin_profile": 21,
		"image_css": "",
		"amount_received_with_phantom_funds": "0.00",
		"activeSubscriptions": "[]",
		"hidden": false,
		"random_shuffle": null,
		"weighted_shuffle": null,
		"contribution_count": 0,
		"contributor_count": 0,
		"positive_round_contributor_count": 0,
		"negative_round_contributor_count": 0,
		"defer_clr_to": null,
		"last_clr_calc_date": null,
		"next_clr_calc_date": null,
		"last_update": null,
		"twitter_handle_1": "",
		"twitter_handle_2": "",
		"twitter_handle_1_follower_count": 0,
		"twitter_handle_2_follower_count": 0,
		"sybil_score": "0.0000",
		"funding_info": "",
		"has_external_funding": "unknown",
		"clr_prediction_curve": "[\"[\\\"0.0\\\", \\\"0.0\\\", \\\"0.0\\\"]\", \"[\\\"0.0\\\", \\\"0.0\\\", \\\"0.0\\\"]\", \"[\\\"0.0\\\", \\\"0.0\\\", \\\"0.0\\\"]\", \"[\\\"0.0\\\", \\\"0.0\\\", \\\"0.0\\\"]\", \"[\\\"0.0\\\", \\\"0.0\\\", \\\"0.0\\\"]\", \"[\\\"0.0\\\", \\\"0.0\\\", \\\"0.0\\\"]\"]",
		"weighted_risk_score": "0.0000",
		"is_clr_active": false,
		"clr_round_num": "",
		"twitter_verified": false,
		"twitter_verified_by": null,
		"twitter_verified_at": null,
		"team_members": [],
		"categories": [],
		"tags": [],
		"in_active_clrs": []
	}
}, {
	"model": "grants.grant",
	"pk": 14,
	"fields": {
		"created_on": "2022-02-04T19:19:07.546Z",
		"modified_on": "2022-02-04T19:19:07.547Z",
		"vector_column": "'14':3 'descript':8 'grant':2,7 'test':1",
		"active": true,
		"grant_type": 16,
		"title": "Test grant 14",
		"slug": "test-grant-14",
		"description": "This is a grant description",
		"description_rich": "",
		"reference_url": "",
		"github_project_url": "https://github.com/gitcoinco",
		"is_clr_eligible": true,
		"admin_message": "",
		"visible": true,
		"region": null,
		"link_to_new_grant": null,
		"logo": "",
		"logo_svg": "",
		"admin_address": "0xde21F729137C5Af1b01d73aF1dC21eFfa2B8a0d6",
		"zcash_payout_address": "0x0",
		"celo_payout_address": "0x0",
		"zil_payout_address": "0x0",
		"polkadot_payout_address": "0x0",
		"kusama_payout_address": "0x0",
		"harmony_payout_address": "0x0",
		"binance_payout_address": "0x0",
		"rsk_payout_address": "0x0",
		"algorand_payout_address": "0x0",
		"contract_owner_address": "0x0",
		"amount_received_in_round": "0.0000",
		"monthly_amount_subscribed": "0.0000",
		"amount_received": "0.0000",
		"token_address": "0x0",
		"token_symbol": "",
		"contract_address": "0x0",
		"deploy_tx_id": "0x0",
		"cancel_tx_id": "0x0",
		"contract_version": "0",
		"metadata": {},
		"network": "mainnet",
		"required_gas_price": "0",
		"admin_profile": 21,
		"image_css": "",
		"amount_received_with_phantom_funds": "0.00",
		"activeSubscriptions": "[]",
		"hidden": false,
		"random_shuffle": null,
		"weighted_shuffle": null,
		"contribution_count": 0,
		"contributor_count": 0,
		"positive_round_contributor_count": 0,
		"negative_round_contributor_count": 0,
		"defer_clr_to": null,
		"last_clr_calc_date": null,
		"next_clr_calc_date": null,
		"last_update": null,
		"twitter_handle_1": "",
		"twitter_handle_2": "",
		"twitter_handle_1_follower_count": 0,
		"twitter_handle_2_follower_count": 0,
		"sybil_score": "0.0000",
		"funding_info": "",
		"has_external_funding": "unknown",
		"clr_prediction_curve": "[\"[\\\"0.0\\\", \\\"0.0\\\", \\\"0.0\\\"]\", \"[\\\"0.0\\\", \\\"0.0\\\", \\\"0.0\\\"]\", \"[\\\"0.0\\\", \\\"0.0\\\", \\\"0.0\\\"]\", \"[\\\"0.0\\\", \\\"0.0\\\", \\\"0.0\\\"]\", \"[\\\"0.0\\\", \\\"0.0\\\", \\\"0.0\\\"]\", \"[\\\"0.0\\\", \\\"0.0\\\", \\\"0.0\\\"]\"]",
		"weighted_risk_score": "0.0000",
		"is_clr_active": false,
		"clr_round_num": "",
		"twitter_verified": false,
		"twitter_verified_by": null,
		"twitter_verified_at": null,
		"team_members": [],
		"categories": [],
		"tags": [],
		"in_active_clrs": []
	}
}, {
	"model": "grants.grant",
	"pk": 15,
	"fields": {
		"created_on": "2022-02-04T19:19:07.773Z",
		"modified_on": "2022-02-04T19:19:07.774Z",
		"vector_column": "'15':3 'descript':8 'grant':2,7 'test':1",
		"active": true,
		"grant_type": 17,
		"title": "Test grant 15",
		"slug": "test-grant-15",
		"description": "This is a grant description",
		"description_rich": "",
		"reference_url": "",
		"github_project_url": "https://github.com/gitcoinco",
		"is_clr_eligible": true,
		"admin_message": "",
		"visible": true,
		"region": null,
		"link_to_new_grant": null,
		"logo": "",
		"logo_svg": "",
		"admin_address": "0xde21F729137C5Af1b01d73aF1dC21eFfa2B8a0d6",
		"zcash_payout_address": "0x0",
		"celo_payout_address": "0x0",
		"zil_payout_address": "0x0",
		"polkadot_payout_address": "0x0",
		"kusama_payout_address": "0x0",
		"harmony_payout_address": "0x0",
		"binance_payout_address": "0x0",
		"rsk_payout_address": "0x0",
		"algorand_payout_address": "0x0",
		"contract_owner_address": "0x0",
		"amount_received_in_round": "0.0000",
		"monthly_amount_subscribed": "0.0000",
		"amount_received": "0.0000",
		"token_address": "0x0",
		"token_symbol": "",
		"contract_address": "0x0",
		"deploy_tx_id": "0x0",
		"cancel_tx_id": "0x0",
		"contract_version": "0",
		"metadata": {},
		"network": "mainnet",
		"required_gas_price": "0",
		"admin_profile": 21,
		"image_css": "",
		"amount_received_with_phantom_funds": "0.00",
		"activeSubscriptions": "[]",
		"hidden": false,
		"random_shuffle": null,
		"weighted_shuffle": null,
		"contribution_count": 0,
		"contributor_count": 0,
		"positive_round_contributor_count": 0,
		"negative_round_contributor_count": 0,
		"defer_clr_to": null,
		"last_clr_calc_date": null,
		"next_clr_calc_date": null,
		"last_update": null,
		"twitter_handle_1": "",
		"twitter_handle_2": "",
		"twitter_handle_1_follower_count": 0,
		"twitter_handle_2_follower_count": 0,
		"sybil_score": "0.0000",
		"funding_info": "",
		"has_external_funding": "unknown",
		"clr_prediction_curve": "[\"[\\\"0.0\\\", \\\"0.0\\\", \\\"0.0\\\"]\", \"[\\\"0.0\\\", \\\"0.0\\\", \\\"0.0\\\"]\", \"[\\\"0.0\\\", \\\"0.0\\\", \\\"0.0\\\"]\", \"[\\\"0.0\\\", \\\"0.0\\\", \\\"0.0\\\"]\", \"[\\\"0.0\\\", \\\"0.0\\\", \\\"0.0\\\"]\", \"[\\\"0.0\\\", \\\"0.0\\\", \\\"0.0\\\"]\"]",
		"weighted_risk_score": "0.0000",
		"is_clr_active": false,
		"clr_round_num": "",
		"twitter_verified": false,
		"twitter_verified_by": null,
		"twitter_verified_at": null,
		"team_members": [],
		"categories": [],
		"tags": [],
		"in_active_clrs": []
	}
}, {
	"model": "grants.subscription",
	"pk": 1,
	"fields": {
		"created_on": "2022-02-04T19:18:11.237Z",
		"modified_on": "2022-02-04T19:18:11.237Z",
		"active": true,
		"error": false,
		"subminer_comments": "",
		"comments": "",
		"split_tx_id": "",
		"is_postive_vote": true,
		"split_tx_confirmed": false,
		"subscription_hash": "",
		"contributor_signature": "",
		"contributor_address": "",
		"amount_per_period": "1.000000000000000000",
		"real_period_seconds": "2592000",
		"frequency_unit": "",
		"frequency": "0",
		"token_address": "0x0",
		"token_symbol": "0x0",
		"gas_price": "1.000000000000000000",
		"new_approve_tx_id": "0x0",
		"end_approve_tx_id": "0x0",
		"cancel_tx_id": "0x0",
		"num_tx_approved": "1.0000",
		"num_tx_processed": "0.0000",
		"network": "mainnet",
		"grant": 2,
		"contributor_profile": 22,
		"last_contribution_date": "1990-01-01T00:00:00Z",
		"next_contribution_date": "1990-01-01T00:00:00Z",
		"amount_per_period_usdt": "0E-18",
		"tenant": "ETH",
		"visitorId": ""
	}
}, {
	"model": "grants.subscription",
	"pk": 2,
	"fields": {
		"created_on": "2022-02-04T19:18:11.357Z",
		"modified_on": "2022-02-04T19:18:11.357Z",
		"active": true,
		"error": false,
		"subminer_comments": "",
		"comments": "",
		"split_tx_id": "",
		"is_postive_vote": true,
		"split_tx_confirmed": false,
		"subscription_hash": "",
		"contributor_signature": "",
		"contributor_address": "",
		"amount_per_period": "1.000000000000000000",
		"real_period_seconds": "2592000",
		"frequency_unit": "",
		"frequency": "0",
		"token_address": "0x0",
		"token_symbol": "0x0",
		"gas_price": "1.000000000000000000",
		"new_approve_tx_id": "0x0",
		"end_approve_tx_id": "0x0",
		"cancel_tx_id": "0x0",
		"num_tx_approved": "1.0000",
		"num_tx_processed": "0.0000",
		"network": "mainnet",
		"grant": 3,
		"contributor_profile": 22,
		"last_contribution_date": "1990-01-01T00:00:00Z",
		"next_contribution_date": "1990-01-01T00:00:00Z",
		"amount_per_period_usdt": "0E-18",
		"tenant": "ETH",
		"visitorId": ""
	}
}, {
	"model": "grants.subscription",
	"pk": 3,
	"fields": {
		"created_on": "2022-02-04T19:19:04.210Z",
		"modified_on": "2022-02-04T19:19:04.210Z",
		"active": true,
		"error": false,
		"subminer_comments": "",
		"comments": "",
		"split_tx_id": "",
		"is_postive_vote": true,
		"split_tx_confirmed": false,
		"subscription_hash": "",
		"contributor_signature": "",
		"contributor_address": "",
		"amount_per_period": "1.000000000000000000",
		"real_period_seconds": "2592000",
		"frequency_unit": "",
		"frequency": "0",
		"token_address": "0x0",
		"token_symbol": "0x0",
		"gas_price": "1.000000000000000000",
		"new_approve_tx_id": "0x0",
		"end_approve_tx_id": "0x0",
		"cancel_tx_id": "0x0",
		"num_tx_approved": "1.0000",
		"num_tx_processed": "0.0000",
		"network": "mainnet",
		"grant": 5,
		"contributor_profile": 22,
		"last_contribution_date": "1990-01-01T00:00:00Z",
		"next_contribution_date": "1990-01-01T00:00:00Z",
		"amount_per_period_usdt": "0E-18",
		"tenant": "ETH",
		"visitorId": ""
	}
}, {
	"model": "grants.subscription",
	"pk": 4,
	"fields": {
		"created_on": "2022-02-04T19:19:04.290Z",
		"modified_on": "2022-02-04T19:19:04.290Z",
		"active": true,
		"error": false,
		"subminer_comments": "",
		"comments": "",
		"split_tx_id": "",
		"is_postive_vote": true,
		"split_tx_confirmed": false,
		"subscription_hash": "",
		"contributor_signature": "",
		"contributor_address": "",
		"amount_per_period": "1.000000000000000000",
		"real_period_seconds": "2592000",
		"frequency_unit": "",
		"frequency": "0",
		"token_address": "0x0",
		"token_symbol": "0x0",
		"gas_price": "1.000000000000000000",
		"new_approve_tx_id": "0x0",
		"end_approve_tx_id": "0x0",
		"cancel_tx_id": "0x0",
		"num_tx_approved": "1.0000",
		"num_tx_processed": "0.0000",
		"network": "mainnet",
		"grant": 6,
		"contributor_profile": 22,
		"last_contribution_date": "1990-01-01T00:00:00Z",
		"next_contribution_date": "1990-01-01T00:00:00Z",
		"amount_per_period_usdt": "0E-18",
		"tenant": "ETH",
		"visitorId": ""
	}
}, {
	"model": "grants.subscription",
	"pk": 5,
	"fields": {
		"created_on": "2022-02-04T19:19:05.990Z",
		"modified_on": "2022-02-04T19:19:05.990Z",
		"active": true,
		"error": false,
		"subminer_comments": "",
		"comments": "",
		"split_tx_id": "",
		"is_postive_vote": true,
		"split_tx_confirmed": false,
		"subscription_hash": "",
		"contributor_signature": "",
		"contributor_address": "",
		"amount_per_period": "1.000000000000000000",
		"real_period_seconds": "2592000",
		"frequency_unit": "",
		"frequency": "0",
		"token_address": "0x0",
		"token_symbol": "0x0",
		"gas_price": "1.000000000000000000",
		"new_approve_tx_id": "0x0",
		"end_approve_tx_id": "0x0",
		"cancel_tx_id": "0x0",
		"num_tx_approved": "1.0000",
		"num_tx_processed": "0.0000",
		"network": "mainnet",
		"grant": 8,
		"contributor_profile": 22,
		"last_contribution_date": "1990-01-01T00:00:00Z",
		"next_contribution_date": "1990-01-01T00:00:00Z",
		"amount_per_period_usdt": "0E-18",
		"tenant": "ETH",
		"visitorId": ""
	}
}, {
	"model": "grants.subscription",
	"pk": 6,
	"fields": {
		"created_on": "2022-02-04T19:19:06.027Z",
		"modified_on": "2022-02-04T19:19:06.027Z",
		"active": true,
		"error": false,
		"subminer_comments": "",
		"comments": "",
		"split_tx_id": "",
		"is_postive_vote": true,
		"split_tx_confirmed": false,
		"subscription_hash": "",
		"contributor_signature": "",
		"contributor_address": "",
		"amount_per_period": "1.000000000000000000",
		"real_period_seconds": "2592000",
		"frequency_unit": "",
		"frequency": "0",
		"token_address": "0x0",
		"token_symbol": "0x0",
		"gas_price": "1.000000000000000000",
		"new_approve_tx_id": "0x0",
		"end_approve_tx_id": "0x0",
		"cancel_tx_id": "0x0",
		"num_tx_approved": "1.0000",
		"num_tx_processed": "0.0000",
		"network": "mainnet",
		"grant": 9,
		"contributor_profile": 22,
		"last_contribution_date": "1990-01-01T00:00:00Z",
		"next_contribution_date": "1990-01-01T00:00:00Z",
		"amount_per_period_usdt": "0E-18",
		"tenant": "ETH",
		"visitorId": ""
	}
}, {
	"model": "grants.subscription",
	"pk": 7,
	"fields": {
		"created_on": "2022-02-04T19:19:06.920Z",
		"modified_on": "2022-02-04T19:19:06.921Z",
		"active": true,
		"error": false,
		"subminer_comments": "",
		"comments": "",
		"split_tx_id": "",
		"is_postive_vote": true,
		"split_tx_confirmed": false,
		"subscription_hash": "",
		"contributor_signature": "",
		"contributor_address": "",
		"amount_per_period": "1.000000000000000000",
		"real_period_seconds": "2592000",
		"frequency_unit": "",
		"frequency": "0",
		"token_address": "0x0",
		"token_symbol": "0x0",
		"gas_price": "1.000000000000000000",
		"new_approve_tx_id": "0x0",
		"end_approve_tx_id": "0x0",
		"cancel_tx_id": "0x0",
		"num_tx_approved": "1.0000",
		"num_tx_processed": "0.0000",
		"network": "mainnet",
		"grant": 11,
		"contributor_profile": 22,
		"last_contribution_date": "1990-01-01T00:00:00Z",
		"next_contribution_date": "1990-01-01T00:00:00Z",
		"amount_per_period_usdt": "0E-18",
		"tenant": "ETH",
		"visitorId": ""
	}
}, {
	"model": "grants.subscription",
	"pk": 8,
	"fields": {
		"created_on": "2022-02-04T19:19:06.949Z",
		"modified_on": "2022-02-04T19:19:06.949Z",
		"active": true,
		"error": false,
		"subminer_comments": "",
		"comments": "",
		"split_tx_id": "",
		"is_postive_vote": true,
		"split_tx_confirmed": false,
		"subscription_hash": "",
		"contributor_signature": "",
		"contributor_address": "",
		"amount_per_period": "1.000000000000000000",
		"real_period_seconds": "2592000",
		"frequency_unit": "",
		"frequency": "0",
		"token_address": "0x0",
		"token_symbol": "0x0",
		"gas_price": "1.000000000000000000",
		"new_approve_tx_id": "0x0",
		"end_approve_tx_id": "0x0",
		"cancel_tx_id": "0x0",
		"num_tx_approved": "1.0000",
		"num_tx_processed": "0.0000",
		"network": "mainnet",
		"grant": 12,
		"contributor_profile": 22,
		"last_contribution_date": "1990-01-01T00:00:00Z",
		"next_contribution_date": "1990-01-01T00:00:00Z",
		"amount_per_period_usdt": "0E-18",
		"tenant": "ETH",
		"visitorId": ""
	}
}, {
	"model": "grants.subscription",
	"pk": 9,
	"fields": {
		"created_on": "2022-02-04T19:19:07.561Z",
		"modified_on": "2022-02-04T19:19:07.562Z",
		"active": true,
		"error": false,
		"subminer_comments": "",
		"comments": "",
		"split_tx_id": "",
		"is_postive_vote": true,
		"split_tx_confirmed": false,
		"subscription_hash": "",
		"contributor_signature": "",
		"contributor_address": "",
		"amount_per_period": "1.000000000000000000",
		"real_period_seconds": "2592000",
		"frequency_unit": "",
		"frequency": "0",
		"token_address": "0x0",
		"token_symbol": "0x0",
		"gas_price": "1.000000000000000000",
		"new_approve_tx_id": "0x0",
		"end_approve_tx_id": "0x0",
		"cancel_tx_id": "0x0",
		"num_tx_approved": "1.0000",
		"num_tx_processed": "0.0000",
		"network": "mainnet",
		"grant": 14,
		"contributor_profile": 22,
		"last_contribution_date": "1990-01-01T00:00:00Z",
		"next_contribution_date": "1990-01-01T00:00:00Z",
		"amount_per_period_usdt": "0E-18",
		"tenant": "ETH",
		"visitorId": ""
	}
}, {
	"model": "grants.subscription",
	"pk": 10,
	"fields": {
		"created_on": "2022-02-04T19:19:07.787Z",
		"modified_on": "2022-02-04T19:19:07.788Z",
		"active": true,
		"error": false,
		"subminer_comments": "",
		"comments": "",
		"split_tx_id": "",
		"is_postive_vote": true,
		"split_tx_confirmed": false,
		"subscription_hash": "",
		"contributor_signature": "",
		"contributor_address": "",
		"amount_per_period": "1.000000000000000000",
		"real_period_seconds": "2592000",
		"frequency_unit": "",
		"frequency": "0",
		"token_address": "0x0",
		"token_symbol": "0x0",
		"gas_price": "1.000000000000000000",
		"new_approve_tx_id": "0x0",
		"end_approve_tx_id": "0x0",
		"cancel_tx_id": "0x0",
		"num_tx_approved": "1.0000",
		"num_tx_processed": "0.0000",
		"network": "mainnet",
		"grant": 15,
		"contributor_profile": 22,
		"last_contribution_date": "1990-01-01T00:00:00Z",
		"next_contribution_date": "1990-01-01T00:00:00Z",
		"amount_per_period_usdt": "0E-18",
		"tenant": "ETH",
		"visitorId": ""
	}
}, {
	"model": "grants.contribution",
	"pk": 1,
	"fields": {
		"created_on": "2022-02-04T19:18:11.251Z",
		"modified_on": "2022-02-04T19:18:11.251Z",
		"success": true,
		"tx_cleared": false,
		"tx_override": false,
		"tx_id": "0x0",
		"split_tx_id": "",
		"split_tx_confirmed": false,
		"subscription": 1,
		"grant": 2,
		"amount_per_period_usdt": "0E-18",
		"normalized_data": {
			"id": 2,
			"url": "/grants/2/test-grant-1",
			"logo": null,
			"title": "Test grant 1",
			"tx_id": "0x0",
			"handle": "contributor_000",
			"frequency": 0,
			"created_on": "2022-02-04",
			"token_symbol": "0x0",
			"admin_address": "0xde21F729137C5Af1b01d73aF1dC21eFfa2B8a0d6",
			"last_known_ip": "",
			"frequency_unit": "",
			"num_tx_approved": 1,
			"amount_per_period": 1.0,
			"amount_per_period_usdt": 0.0,
			"amount_per_period_to_gitcoin": 1.0,
			"match_amount_when_contributed": 0.0,
			"amount_per_period_minus_gas_price": 1.0
		},
		"match": true,
		"originated_address": "0x0",
		"validator_passed": false,
		"validator_comment": "0x0",
		"profile_for_clr": 13,
		"checkout_type": null,
		"anonymous": false
	}
}, {
	"model": "grants.contribution",
	"pk": 2,
	"fields": {
		"created_on": "2022-02-04T19:18:11.358Z",
		"modified_on": "2022-02-04T19:18:11.358Z",
		"success": true,
		"tx_cleared": false,
		"tx_override": false,
		"tx_id": "0x0",
		"split_tx_id": "",
		"split_tx_confirmed": false,
		"subscription": 2,
		"grant": 3,
		"amount_per_period_usdt": "0E-18",
		"normalized_data": {
			"id": 3,
			"url": "/grants/3/test-grant-2",
			"logo": null,
			"title": "Test grant 2",
			"tx_id": "0x0",
			"handle": "contributor_001",
			"frequency": 0,
			"created_on": "2022-02-04",
			"token_symbol": "0x0",
			"admin_address": "0xde21F729137C5Af1b01d73aF1dC21eFfa2B8a0d6",
			"last_known_ip": "",
			"frequency_unit": "",
			"num_tx_approved": 1,
			"amount_per_period": 1.0,
			"amount_per_period_usdt": 0.0,
			"amount_per_period_to_gitcoin": 1.0,
			"match_amount_when_contributed": 0.0,
			"amount_per_period_minus_gas_price": 1.0
		},
		"match": true,
		"originated_address": "0x0",
		"validator_passed": false,
		"validator_comment": "0x0",
		"profile_for_clr": 13,
		"checkout_type": null,
		"anonymous": false
	}
}, {
	"model": "grants.contribution",
	"pk": 3,
	"fields": {
		"created_on": "2022-02-04T19:19:04.219Z",
		"modified_on": "2022-02-04T19:19:04.219Z",
		"success": true,
		"tx_cleared": false,
		"tx_override": false,
		"tx_id": "0x0",
		"split_tx_id": "",
		"split_tx_confirmed": false,
		"subscription": 3,
		"grant": 5,
		"amount_per_period_usdt": "0E-18",
		"normalized_data": {
			"id": 5,
			"url": "/grants/5/test-grant-5",
			"logo": null,
			"title": "Test grant 5",
			"tx_id": "0x0",
			"handle": "contributor_002",
			"frequency": 0,
			"created_on": "2022-02-04",
			"token_symbol": "0x0",
			"admin_address": "0xde21F729137C5Af1b01d73aF1dC21eFfa2B8a0d6",
			"last_known_ip": "",
			"frequency_unit": "",
			"num_tx_approved": 1,
			"amount_per_period": 1.0,
			"amount_per_period_usdt": 0.0,
			"amount_per_period_to_gitcoin": 1.0,
			"match_amount_when_contributed": 0.0,
			"amount_per_period_minus_gas_price": 1.0
		},
		"match": true,
		"originated_address": "0x0",
		"validator_passed": false,
		"validator_comment": "0x0",
		"profile_for_clr": 13,
		"checkout_type": null,
		"anonymous": false
	}
}, {
	"model": "grants.contribution",
	"pk": 4,
	"fields": {
		"created_on": "2022-02-04T19:19:04.292Z",
		"modified_on": "2022-02-04T19:19:04.292Z",
		"success": true,
		"tx_cleared": false,
		"tx_override": false,
		"tx_id": "0x0",
		"split_tx_id": "",
		"split_tx_confirmed": false,
		"subscription": 4,
		"grant": 6,
		"amount_per_period_usdt": "0E-18",
		"normalized_data": {
			"id": 6,
			"url": "/grants/6/test-grant-6",
			"logo": null,
			"title": "Test grant 6",
			"tx_id": "0x0",
			"handle": "contributor_003",
			"frequency": 0,
			"created_on": "2022-02-04",
			"token_symbol": "0x0",
			"admin_address": "0xde21F729137C5Af1b01d73aF1dC21eFfa2B8a0d6",
			"last_known_ip": "",
			"frequency_unit": "",
			"num_tx_approved": 1,
			"amount_per_period": 1.0,
			"amount_per_period_usdt": 0.0,
			"amount_per_period_to_gitcoin": 1.0,
			"match_amount_when_contributed": 0.0,
			"amount_per_period_minus_gas_price": 1.0
		},
		"match": true,
		"originated_address": "0x0",
		"validator_passed": false,
		"validator_comment": "0x0",
		"profile_for_clr": 13,
		"checkout_type": null,
		"anonymous": false
	}
}, {
	"model": "grants.contribution",
	"pk": 5,
	"fields": {
		"created_on": "2022-02-04T19:19:05.994Z",
		"modified_on": "2022-02-04T19:19:05.994Z",
		"success": true,
		"tx_cleared": false,
		"tx_override": false,
		"tx_id": "0x0",
		"split_tx_id": "",
		"split_tx_confirmed": false,
		"subscription": 5,
		"grant": 8,
		"amount_per_period_usdt": "0E-18",
		"normalized_data": {
			"id": 8,
			"url": "/grants/8/test-grant-8",
			"logo": null,
			"title": "Test grant 8",
			"tx_id": "0x0",
			"handle": "contributor_004",
			"frequency": 0,
			"created_on": "2022-02-04",
			"token_symbol": "0x0",
			"admin_address": "0xde21F729137C5Af1b01d73aF1dC21eFfa2B8a0d6",
			"last_known_ip": "",
			"frequency_unit": "",
			"num_tx_approved": 1,
			"amount_per_period": 1.0,
			"amount_per_period_usdt": 0.0,
			"amount_per_period_to_gitcoin": 1.0,
			"match_amount_when_contributed": 0.0,
			"amount_per_period_minus_gas_price": 1.0
		},
		"match": true,
		"originated_address": "0x0",
		"validator_passed": false,
		"validator_comment": "0x0",
		"profile_for_clr": 13,
		"checkout_type": null,
		"anonymous": false
	}
}, {
	"model": "grants.contribution",
	"pk": 6,
	"fields": {
		"created_on": "2022-02-04T19:19:06.029Z",
		"modified_on": "2022-02-04T19:19:06.029Z",
		"success": true,
		"tx_cleared": false,
		"tx_override": false,
		"tx_id": "0x0",
		"split_tx_id": "",
		"split_tx_confirmed": false,
		"subscription": 6,
		"grant": 9,
		"amount_per_period_usdt": "0E-18",
		"normalized_data": {
			"id": 9,
			"url": "/grants/9/test-grant-9",
			"logo": null,
			"title": "Test grant 9",
			"tx_id": "0x0",
			"handle": "contributor_005",
			"frequency": 0,
			"created_on": "2022-02-04",
			"token_symbol": "0x0",
			"admin_address": "0xde21F729137C5Af1b01d73aF1dC21eFfa2B8a0d6",
			"last_known_ip": "",
			"frequency_unit": "",
			"num_tx_approved": 1,
			"amount_per_period": 1.0,
			"amount_per_period_usdt": 0.0,
			"amount_per_period_to_gitcoin": 1.0,
			"match_amount_when_contributed": 0.0,
			"amount_per_period_minus_gas_price": 1.0
		},
		"match": true,
		"originated_address": "0x0",
		"validator_passed": false,
		"validator_comment": "0x0",
		"profile_for_clr": 13,
		"checkout_type": null,
		"anonymous": false
	}
}, {
	"model": "grants.contribution",
	"pk": 7,
	"fields": {
		"created_on": "2022-02-04T19:19:06.922Z",
		"modified_on": "2022-02-04T19:19:06.922Z",
		"success": true,
		"tx_cleared": false,
		"tx_override": false,
		"tx_id": "0x0",
		"split_tx_id": "",
		"split_tx_confirmed": false,
		"subscription": 7,
		"grant": 11,
		"amount_per_period_usdt": "0E-18",
		"normalized_data": {
			"id": 11,
			"url": "/grants/11/test-grant-11",
			"logo": null,
			"title": "Test grant 11",
			"tx_id": "0x0",
			"handle": "contributor_006",
			"frequency": 0,
			"created_on": "2022-02-04",
			"token_symbol": "0x0",
			"admin_address": "0xde21F729137C5Af1b01d73aF1dC21eFfa2B8a0d6",
			"last_known_ip": "",
			"frequency_unit": "",
			"num_tx_approved": 1,
			"amount_per_period": 1.0,
			"amount_per_period_usdt": 0.0,
			"amount_per_period_to_gitcoin": 1.0,
			"match_amount_when_contributed": 0.0,
			"amount_per_period_minus_gas_price": 1.0
		},
		"match": true,
		"originated_address": "0x0",
		"validator_passed": false,
		"validator_comment": "0x0",
		"profile_for_clr": 13,
		"checkout_type": null,
		"anonymous": false
	}
}, {
	"model": "grants.contribution",
	"pk": 8,
	"fields": {
		"created_on": "2022-02-04T19:19:06.950Z",
		"modified_on": "2022-02-04T19:19:06.950Z",
		"success": true,
		"tx_cleared": false,
		"tx_override": false,
		"tx_id": "0x0",
		"split_tx_id": "",
		"split_tx_confirmed": false,
		"subscription": 8,
		"grant": 12,
		"amount_per_period_usdt": "0E-18",
		"normalized_data": {
			"id": 12,
			"url": "/grants/12/test-grant-12",
			"logo": null,
			"title": "Test grant 12",
			"tx_id": "0x0",
			"handle": "contributor_007",
			"frequency": 0,
			"created_on": "2022-02-04",
			"token_symbol": "0x0",
			"admin_address": "0xde21F729137C5Af1b01d73aF1dC21eFfa2B8a0d6",
			"last_known_ip": "",
			"frequency_unit": "",
			"num_tx_approved": 1,
			"amount_per_period": 1.0,
			"amount_per_period_usdt": 0.0,
			"amount_per_period_to_gitcoin": 1.0,
			"match_amount_when_contributed": 0.0,
			"amount_per_period_minus_gas_price": 1.0
		},
		"match": true,
		"originated_address": "0x0",
		"validator_passed": false,
		"validator_comment": "0x0",
		"profile_for_clr": 13,
		"checkout_type": null,
		"anonymous": false
	}
}, {
	"model": "grants.contribution",
	"pk": 9,
	"fields": {
		"created_on": "2022-02-04T19:19:07.565Z",
		"modified_on": "2022-02-04T19:19:07.565Z",
		"success": true,
		"tx_cleared": false,
		"tx_override": false,
		"tx_id": "0x0",
		"split_tx_id": "",
		"split_tx_confirmed": false,
		"subscription": 9,
		"grant": 14,
		"amount_per_period_usdt": "0E-18",
		"normalized_data": {
			"id": 14,
			"url": "/grants/14/test-grant-14",
			"logo": null,
			"title": "Test grant 14",
			"tx_id": "0x0",
			"handle": "contributor_008",
			"frequency": 0,
			"created_on": "2022-02-04",
			"token_symbol": "0x0",
			"admin_address": "0xde21F729137C5Af1b01d73aF1dC21eFfa2B8a0d6",
			"last_known_ip": "",
			"frequency_unit": "",
			"num_tx_approved": 1,
			"amount_per_period": 1.0,
			"amount_per_period_usdt": 0.0,
			"amount_per_period_to_gitcoin": 1.0,
			"match_amount_when_contributed": 0.0,
			"amount_per_period_minus_gas_price": 1.0
		},
		"match": true,
		"originated_address": "0x0",
		"validator_passed": false,
		"validator_comment": "0x0",
		"profile_for_clr": 13,
		"checkout_type": null,
		"anonymous": false
	}
}, {
	"model": "grants.contribution",
	"pk": 10,
	"fields": {
		"created_on": "2022-02-04T19:19:07.791Z",
		"modified_on": "2022-02-04T19:19:07.791Z",
		"success": true,
		"tx_cleared": false,
		"tx_override": false,
		"tx_id": "0x0",
		"split_tx_id": "",
		"split_tx_confirmed": false,
		"subscription": 10,
		"grant": 15,
		"amount_per_period_usdt": "0E-18",
		"normalized_data": {
			"id": 15,
			"url": "/grants/15/test-grant-15",
			"logo": null,
			"title": "Test grant 15",
			"tx_id": "0x0",
			"handle": "contributor_009",
			"frequency": 0,
			"created_on": "2022-02-04",
			"token_symbol": "0x0",
			"admin_address": "0xde21F729137C5Af1b01d73aF1dC21eFfa2B8a0d6",
			"last_known_ip": "",
			"frequency_unit": "",
			"num_tx_approved": 1,
			"amount_per_period": 1.0,
			"amount_per_period_usdt": 0.0,
			"amount_per_period_to_gitcoin": 1.0,
			"match_amount_when_contributed": 0.0,
			"amount_per_period_minus_gas_price": 1.0
		},
		"match": true,
		"originated_address": "0x0",
		"validator_passed": false,
		"validator_comment": "0x0",
		"profile_for_clr": 13,
		"checkout_type": null,
		"anonymous": false
	}
}, {
	"model": "grants.grantpayout",
	"pk": 1,
	"fields": {
		"created_on": "2022-02-04T19:44:54Z",
		"modified_on": "2022-02-04T20:14:16.344Z",
		"name": "GR12",
		"contract_address": "0xAB8d71d59827dcc90fEDc5DDb97f87eFfB1B1A5B",
		"network": "mainnet",
		"payout_token": "DAI",
		"status": "ready",
		"funding_withdrawal_date": null
	}
}, {
	"model": "grants.granttype",
	"pk": 1,
	"fields": {
		"created_on": "2022-02-04T19:17:13.018Z",
		"modified_on": "2022-02-04T19:17:13.023Z",
		"name": "gr3",
		"label": "gr12",
		"is_active": true,
		"is_visible": true,
		"logo": ""
	}
}, {
	"model": "grants.granttype",
	"pk": 2,
	"fields": {
		"created_on": "2022-02-04T19:18:11.194Z",
		"modified_on": "2022-02-04T19:18:11.194Z",
		"name": "gr0",
		"label": "gr12",
		"is_active": true,
		"is_visible": true,
		"logo": ""
	}
}, {
	"model": "grants.granttype",
	"pk": 3,
	"fields": {
		"created_on": "2022-02-04T19:18:11.226Z",
		"modified_on": "2022-02-04T19:18:11.226Z",
		"name": "gr1",
		"label": "gr12",
		"is_active": true,
		"is_visible": true,
		"logo": ""
	}
}, {
	"model": "grants.granttype",
	"pk": 4,
	"fields": {
		"created_on": "2022-02-04T19:18:11.349Z",
		"modified_on": "2022-02-04T19:18:11.349Z",
		"name": "gr2",
		"label": "gr12",
		"is_active": true,
		"is_visible": true,
		"logo": ""
	}
}, {
	"model": "grants.granttype",
	"pk": 6,
	"fields": {
		"created_on": "2022-02-04T19:19:04.165Z",
		"modified_on": "2022-02-04T19:19:04.166Z",
		"name": "gr4",
		"label": "gr12",
		"is_active": true,
		"is_visible": true,
		"logo": ""
	}
}, {
	"model": "grants.granttype",
	"pk": 7,
	"fields": {
		"created_on": "2022-02-04T19:19:04.186Z",
		"modified_on": "2022-02-04T19:19:04.186Z",
		"name": "gr5",
		"label": "gr12",
		"is_active": true,
		"is_visible": true,
		"logo": ""
	}
}, {
	"model": "grants.granttype",
	"pk": 8,
	"fields": {
		"created_on": "2022-02-04T19:19:04.277Z",
		"modified_on": "2022-02-04T19:19:04.277Z",
		"name": "gr6",
		"label": "gr12",
		"is_active": true,
		"is_visible": true,
		"logo": ""
	}
}, {
	"model": "grants.granttype",
	"pk": 9,
	"fields": {
		"created_on": "2022-02-04T19:19:05.972Z",
		"modified_on": "2022-02-04T19:19:05.972Z",
		"name": "gr7",
		"label": "gr12",
		"is_active": true,
		"is_visible": true,
		"logo": ""
	}
}, {
	"model": "grants.granttype",
	"pk": 10,
	"fields": {
		"created_on": "2022-02-04T19:19:05.979Z",
		"modified_on": "2022-02-04T19:19:05.979Z",
		"name": "gr8",
		"label": "gr12",
		"is_active": true,
		"is_visible": true,
		"logo": ""
	}
}, {
	"model": "grants.granttype",
	"pk": 11,
	"fields": {
		"created_on": "2022-02-04T19:19:06.018Z",
		"modified_on": "2022-02-04T19:19:06.018Z",
		"name": "gr9",
		"label": "gr12",
		"is_active": true,
		"is_visible": true,
		"logo": ""
	}
}, {
	"model": "grants.granttype",
	"pk": 12,
	"fields": {
		"created_on": "2022-02-04T19:19:06.904Z",
		"modified_on": "2022-02-04T19:19:06.904Z",
		"name": "gr10",
		"label": "gr12",
		"is_active": true,
		"is_visible": true,
		"logo": ""
	}
}, {
	"model": "grants.granttype",
	"pk": 13,
	"fields": {
		"created_on": "2022-02-04T19:19:06.911Z",
		"modified_on": "2022-02-04T19:19:06.911Z",
		"name": "gr11",
		"label": "gr12",
		"is_active": true,
		"is_visible": true,
		"logo": ""
	}
}, {
	"model": "grants.granttype",
	"pk": 14,
	"fields": {
		"created_on": "2022-02-04T19:19:06.940Z",
		"modified_on": "2022-02-04T19:19:06.940Z",
		"name": "gr12",
		"label": "gr12",
		"is_active": true,
		"is_visible": true,
		"logo": ""
	}
}, {
	"model": "grants.granttype",
	"pk": 15,
	"fields": {
		"created_on": "2022-02-04T19:19:07.533Z",
		"modified_on": "2022-02-04T19:19:07.533Z",
		"name": "gr13",
		"label": "gr12",
		"is_active": true,
		"is_visible": true,
		"logo": ""
	}
}, {
	"model": "grants.granttype",
	"pk": 16,
	"fields": {
		"created_on": "2022-02-04T19:19:07.543Z",
		"modified_on": "2022-02-04T19:19:07.543Z",
		"name": "gr14",
		"label": "gr12",
		"is_active": true,
		"is_visible": true,
		"logo": ""
	}
}, {
	"model": "grants.granttype",
	"pk": 17,
	"fields": {
		"created_on": "2022-02-04T19:19:07.769Z",
		"modified_on": "2022-02-04T19:19:07.769Z",
		"name": "gr15",
		"label": "gr12",
		"is_active": true,
		"is_visible": true,
		"logo": ""
	}
}]